{"RF": [0.9967741935483871, 0.9969788519637462, 0.9923430321592649, 0.9953488372093023, 1.0, 0.9969512195121951, 0.9968944099378882, 0.9925037481259371, 0.9966442953020134, 0.9969512195121951, 0.9935897435897435, 0.988835725677831, 0.9919743178170145, 0.9955686853766618, 0.9967637540453074, 0.9953632148377125, 0.9968944099378882, 0.9952755905511811, 0.994991652754591, 0.9926793557833089], "SVM": [0.9346092503987241, 0.9408194233687406, 0.9278033794162825, 0.940251572327044, 0.9437500000000001, 0.9402756508422666, 0.9467084639498433, 0.9479940564635958, 0.9477234401349074, 0.9499241274658574, 0.9514563106796117, 0.9331210191082803, 0.9453376205787781, 0.9370424597364567, 0.937908496732026, 0.934984520123839, 0.9553158705701079, 0.9293563579277865, 0.935108153078203, 0.9388971684053651], "LR": [0.9697933227344993, 0.9683257918552036, 0.9680365296803652, 0.9831029185867896, 0.9738058551617874, 0.972809667673716, 0.9785276073619632, 0.9733727810650888, 0.9767441860465116, 0.9773071104387292, 0.9630818619582665, 0.9620253164556962, 0.9743589743589742, 0.9725036179450072, 0.9696, 0.9679389312977099, 0.9829984544049459, 0.9657320872274143, 0.9737704918032788, 0.9810771470160116]}