{"RF": [[[0.0, 0.0029069767441860465, 1.0], [0.0, 0.9967741935483871, 1.0]], [[0.0, 1.0], [0.9939759036144579, 1.0]], [[0.0, 1.0], [0.9848024316109423, 1.0]], [[0.0, 1.0], [0.9907407407407407, 1.0]], [[0.0, 1.0], [1.0, 1.0]], [[0.0, 1.0], [0.993920972644377, 1.0]], [[0.0, 0.0030120481927710845, 1.0], [0.0, 0.9968944099378882, 1.0]], [[0.0, 1.0], [0.9851190476190477, 1.0]], [[0.0, 1.0], [0.9933110367892977, 1.0]], [[0.0, 1.0], [0.993920972644377, 1.0]], [[0.0, 0.002932551319648094, 1.0], [0.0, 0.9904153354632588, 1.0]], [[0.0, 0.0029585798816568047, 1.0], [0.0, 0.9810126582278481, 1.0]], [[0.0, 1.0], [0.9840764331210191, 1.0]], [[0.0, 1.0], [0.9911764705882353, 1.0]], [[0.0, 1.0], [0.9935483870967742, 1.0]], [[0.0, 1.0], [0.9907692307692307, 1.0]], [[0.0, 1.0], [0.9938080495356038, 1.0]], [[0.0, 0.002976190476190476, 1.0], [0.0, 0.9937106918238994, 1.0]], [[0.0, 1.0], [0.9900332225913622, 1.0]], [[0.0, 0.003215434083601286, 1.0], [0.0, 0.9883381924198251, 1.0]]], "SVM": [[[0.0, 0.06976744186046512, 1.0], [0.0, 0.9451612903225807, 1.0]], [[0.0, 0.052795031055900624, 1.0], [0.0, 0.9337349397590361, 1.0]], [[0.0, 0.06153846153846154, 1.0], [0.0, 0.9179331306990881, 1.0]], [[0.0, 0.03939393939393939, 1.0], [0.0, 0.9228395061728395, 1.0]], [[0.0, 0.04242424242424243, 1.0], [0.0, 0.9320987654320988, 1.0]], [[0.0, 0.052307692307692305, 1.0], [0.0, 0.9331306990881459, 1.0]], [[0.0, 0.04216867469879518, 1.0], [0.0, 0.937888198757764, 1.0]], [[0.0, 0.05660377358490566, 1.0], [0.0, 0.9494047619047619, 1.0]], [[0.0, 0.036619718309859155, 1.0], [0.0, 0.939799331103679, 1.0]], [[0.0, 0.052307692307692305, 1.0], [0.0, 0.9513677811550152, 1.0]], [[0.0, 0.03225806451612903, 1.0], [0.0, 0.939297124600639, 1.0]], [[0.0, 0.05621301775147929, 1.0], [0.0, 0.9272151898734177, 1.0]], [[0.0, 0.041176470588235294, 1.0], [0.0, 0.9363057324840764, 1.0]], [[0.0, 0.0732484076433121, 1.0], [0.0, 0.9411764705882353, 1.0]], [[0.0, 0.0436046511627907, 1.0], [0.0, 0.9258064516129032, 1.0]], [[0.0, 0.057750759878419454, 1.0], [0.0, 0.9292307692307692, 1.0]], [[0.0, 0.04833836858006042, 1.0], [0.0, 0.9597523219814241, 1.0]], [[0.0, 0.06845238095238096, 1.0], [0.0, 0.9308176100628931, 1.0]], [[0.0, 0.053824362606232294, 1.0], [0.0, 0.9335548172757475, 1.0]], [[0.0, 0.04180064308681672, 1.0], [0.0, 0.9183673469387755, 1.0]]], "LR": [[[0.0, 0.040697674418604654, 1.0], [0.0, 0.9838709677419355, 1.0]], [[0.0, 0.031055900621118012, 1.0], [0.0, 0.9668674698795181, 1.0]], [[0.0, 0.03076923076923077, 1.0], [0.0, 0.9665653495440729, 1.0]], [[0.0, 0.021212121212121213, 1.0], [0.0, 0.9876543209876543, 1.0]], [[0.0, 0.02727272727272727, 1.0], [0.0, 0.9753086419753086, 1.0]], [[0.0, 0.033846153846153845, 1.0], [0.0, 0.9787234042553191, 1.0]], [[0.0, 0.03313253012048193, 1.0], [0.0, 0.9906832298136646, 1.0]], [[0.0, 0.03459119496855346, 1.0], [0.0, 0.9791666666666666, 1.0]], [[0.0, 0.02535211267605634, 1.0], [0.0, 0.9832775919732442, 1.0]], [[0.0, 0.027692307692307693, 1.0], [0.0, 0.9817629179331308, 1.0]], [[0.0, 0.02932551319648094, 1.0], [0.0, 0.9584664536741214, 1.0]], [[0.0, 0.03550295857988166, 1.0], [0.0, 0.9620253164556962, 1.0]], [[0.0, 0.01764705882352941, 1.0], [0.0, 0.9681528662420382, 1.0]], [[0.0, 0.04777070063694268, 1.0], [0.0, 0.9882352941176471, 1.0]], [[0.0, 0.03488372093023256, 1.0], [0.0, 0.9774193548387097, 1.0]], [[0.0, 0.03951367781155015, 1.0], [0.0, 0.9753846153846154, 1.0]], [[0.0, 0.01812688821752266, 1.0], [0.0, 0.9845201238390093, 1.0]], [[0.0, 0.041666666666666664, 1.0], [0.0, 0.9748427672955975, 1.0]], [[0.0, 0.0339943342776204, 1.0], [0.0, 0.9867109634551495, 1.0]], [[0.0, 0.022508038585209004, 1.0], [0.0, 0.9825072886297376, 1.0]]]}